{
  "98": {
    "3": {
      "cr_mean": 1.1696690074228162,
      "cr_std": 0.006217231074359746,
      "cnr_mean": 0.45028063895945397,
      "cnr_std": 0.014493672270329445,
      "snr_gm_mean": 2.4428374202114234,
      "snr_gm_std": 0.02120490700689297,
      "snr_wm_mean": 4.28379047700121,
      "snr_wm_std": 0.1327539560437193,
      "ssim_mean": 0.9167024215062459,
      "ssim_std": 0.03421469362725639,
      "mse_mean": 3893.7012532552085,
      "mse_std": 1823.4173663493368
    },
    "6": {
      "cr_mean": 1.1701705554359003,
      "cr_std": 0.003195250944417068,
      "cnr_mean": 0.4554699167186076,
      "cnr_std": 0.008649998090009733,
      "snr_gm_mean": 2.45621983315397,
      "snr_gm_std": 0.014654967846309128,
      "snr_wm_mean": 4.377742409508244,
      "snr_wm_std": 0.06317250731749977,
      "ssim_mean": 0.9392367998758951,
      "ssim_std": 0.028569237981109476,
      "mse_mean": 2780.849991861979,
      "mse_std": 1739.813422514733
    },
    "9": {
      "cr_mean": 1.172254580534044,
      "cr_std": 0.0021624301403881854,
      "cnr_mean": 0.46009963270345366,
      "cnr_std": 0.007144165994418124,
      "snr_gm_mean": 2.456925728693498,
      "snr_gm_std": 0.01779667814793171,
      "snr_wm_mean": 4.35681320519704,
      "snr_wm_std": 0.043720852506808926,
      "ssim_mean": 0.9297041734059651,
      "ssim_std": 0.023731592661723384,
      "mse_mean": 3341.3320149739584,
      "mse_std": 1561.0487285682557
    },
    "12": {
      "cr_mean": 1.1709248559323775,
      "cr_std": 0.0,
      "cnr_mean": 0.45789057759134305,
      "cnr_std": 0.0,
      "snr_gm_mean": 2.45824891308949,
      "snr_gm_std": 0.0,
      "snr_wm_mean": 4.393666594468275,
      "snr_wm_std": 0.0,
      "ssim_mean": 0.9493589401245117,
      "ssim_std": 0.0,
      "mse_mean": 2047.787841796875,
      "mse_std": 0.0
    }
  },
  "140": {
    "3": {
      "cr_mean": 1.213164450245627,
      "cr_std": 0.004879329316997941,
      "cnr_mean": 0.4887941162297997,
      "cnr_std": 0.014094348561562308,
      "snr_gm_mean": 2.188805339427007,
      "snr_gm_std": 0.02159868750032578,
      "snr_wm_mean": 3.6993852906589004,
      "snr_wm_std": 0.12528876046522386,
      "ssim_mean": 0.8996252338091533,
      "ssim_std": 0.040868418333769925,
      "mse_mean": 5583.53398030599,
      "mse_std": 2583.891539000046
    },
    "6": {
      "cr_mean": 1.2141286162719949,
      "cr_std": 0.0015497968867686982,
      "cnr_mean": 0.49626032029359796,
      "cnr_std": 0.004936836642017748,
      "snr_gm_mean": 2.2065318078528144,
      "snr_gm_std": 0.017872167712087595,
      "snr_wm_mean": 3.7921967323435677,
      "snr_wm_std": 0.07736423564885947,
      "ssim_mean": 0.9270554463068644,
      "ssim_std": 0.024065383760727022,
      "mse_mean": 4037.7744384765624,
      "mse_std": 1397.2098004801367
    },
    "9": {
      "cr_mean": 1.2140997559186635,
      "cr_std": 0.0014743505925217503,
      "cnr_mean": 0.49553167338364495,
      "cnr_std": 0.003339066377594519,
      "snr_gm_mean": 2.2040882896613794,
      "snr_gm_std": 0.00819646901840478,
      "snr_wm_mean": 3.7823157991231846,
      "snr_wm_std": 0.04658396234875218,
      "ssim_mean": 0.9217940092086792,
      "ssim_std": 0.017222873700532285,
      "mse_mean": 4272.316373697917,
      "mse_std": 1276.9847826677494
    },
    "12": {
      "cr_mean": 1.2144735083945464,
      "cr_std": 0.0,
      "cnr_mean": 0.4957827139234422,
      "cnr_std": 0.0,
      "snr_gm_mean": 2.198487717130565,
      "snr_gm_std": 0.0,
      "snr_wm_mean": 3.8036857516682674,
      "snr_wm_std": 0.0,
      "ssim_mean": 0.9341611266136169,
      "ssim_std": 0.0,
      "mse_mean": 4329.98876953125,
      "mse_std": 0.0
    }
  },
  "181": {
    "3": {
      "cr_mean": 1.282488014880003,
      "cr_std": 0.005983416013024798,
      "cnr_mean": 0.5577859766458357,
      "cnr_std": 0.01397934799854514,
      "snr_gm_mean": 1.9813982697765622,
      "snr_gm_std": 0.019326161924801112,
      "snr_wm_mean": 3.264682315954123,
      "snr_wm_std": 0.1051382197855506,
      "ssim_mean": 0.9062176744143168,
      "ssim_std": 0.045288948087933927,
      "mse_mean": 4201.522814941406,
      "mse_std": 3164.004197467725
    },
    "6": {
      "cr_mean": 1.2845940997265939,
      "cr_std": 0.0023579341804245207,
      "cnr_mean": 0.5642495871332359,
      "cnr_std": 0.008515986036858124,
      "snr_gm_mean": 1.983922147185741,
      "snr_gm_std": 0.01956779071483409,
      "snr_wm_mean": 3.3425304109142546,
      "snr_wm_std": 0.0671766015612888,
      "ssim_mean": 0.9385775605837504,
      "ssim_std": 0.021521588702944495,
      "mse_mean": 2259.178389485677,
      "mse_std": 989.8478343827821
    },
    "9": {
      "cr_mean": 1.2844427021034508,
      "cr_std": 0.0024475274355602985,
      "cnr_mean": 0.5624956037750345,
      "cnr_std": 0.009184791260715048,
      "snr_gm_mean": 1.9792123886180923,
      "snr_gm_std": 0.020963308063858717,
      "snr_wm_mean": 3.327921232767977,
      "snr_wm_std": 0.04865919138782111,
      "ssim_mean": 0.9323395013809204,
      "ssim_std": 0.008674580336853607,
      "mse_mean": 2427.932552083333,
      "mse_std": 375.68506753342155
    },
    "12": {
      "cr_mean": 1.284440540437492,
      "cr_std": 0.0,
      "cnr_mean": 0.5691045987170819,
      "cnr_std": 0.0,
      "snr_gm_mean": 2.0025159549169875,
      "snr_gm_std": 0.0,
      "snr_wm_mean": 3.36724785746469,
      "snr_wm_std": 0.0,
      "ssim_mean": 0.937119722366333,
      "ssim_std": 0.0,
      "mse_mean": 2683.164794921875,
      "mse_std": 0.0
    }
  },
  "272": {
    "3": {
      "cr_mean": 1.3683399059029167,
      "cr_std": 0.0192930386747181,
      "cnr_mean": 0.5834655653517444,
      "cnr_std": 0.028663842486861078,
      "snr_gm_mean": 1.6957771048145236,
      "snr_gm_std": 0.013541957731106792,
      "snr_wm_mean": 2.6277890559546058,
      "snr_wm_std": 0.11226743789754247,
      "ssim_mean": 0.9075803875923156,
      "ssim_std": 0.0527312224094864,
      "mse_mean": 3437.152482096354,
      "mse_std": 3194.7397277300443
    },
    "6": {
      "cr_mean": 1.372308402531753,
      "cr_std": 0.002804028944904648,
      "cnr_mean": 0.5935638224124554,
      "cnr_std": 0.004090400736669326,
      "snr_gm_mean": 1.7026601661750254,
      "snr_gm_std": 0.01141176076307994,
      "snr_wm_mean": 2.700523440821856,
      "snr_wm_std": 0.0575218187815284,
      "ssim_mean": 0.9445357879002889,
      "ssim_std": 0.02207175577732274,
      "mse_mean": 1403.8373575846354,
      "mse_std": 835.4567392043714
    },
    "9": {
      "cr_mean": 1.3721461421235484,
      "cr_std": 0.003146548086508201,
      "cnr_mean": 0.5929133772135649,
      "cnr_std": 0.0033520777866309554,
      "snr_gm_mean": 1.7012918589695263,
      "snr_gm_std": 0.0115610972703836,
      "snr_wm_mean": 2.699117961801217,
      "snr_wm_std": 0.05456610988456137,
      "ssim_mean": 0.9417283495267232,
      "ssim_std": 0.011181617683356092,
      "mse_mean": 1426.497705078125,
      "mse_std": 305.4017953617485
    },
    "12": {
      "cr_mean": 1.3725271441460156,
      "cr_std": 0.0,
      "cnr_mean": 0.5973042188622938,
      "cnr_std": 0.0,
      "snr_gm_mean": 1.7105258590654557,
      "snr_gm_std": 0.0,
      "snr_wm_mean": 2.7306867424011427,
      "snr_wm_std": 0.0,
      "ssim_mean": 0.9512941837310791,
      "ssim_std": 0.0,
      "mse_mean": 1153.1900634765625,
      "mse_std": 0.0
    }
  }
}